record_index,IF_anomaly,LOF_anomaly,DBSCAN_anomaly,IF_score,LOF_score,ensemble_votes,ensemble_score,ensemble_majority,ensemble_unanimous,is_critical_error,is_high_frequency,is_rare_operation,is_night_hours,original_index,log_type,wf_principal_id,app_id,atype,browser,browser_version,device_os,device_os_version,uatype,asn,isp,country,frequency,log_timestamp,error_status,normalized_user_agent,operation,rw
8064,0,1,1,-0.5624387722546791,-586.8294482271667,2,0.8256913404599497,1,0,0,0,0,0,0,ms_graph,,d60c33e1-c026-4f42-a243-213222885d01,app,,,,,0,8075.0,Microsoft Limited,,1,2025-12-07 20:59:01.178157,1,,domains,read
12061,1,1,0,-0.6505301572592495,-2.802150290637525,2,0.5016127878194646,1,0,1,0,0,0,1,ms_signin,user15,d60c33e1-c026-4f42-a243-213222885d01,app,,,,,0,20115.0,,US,1,2025-12-07 20:50:59.738144,0,,,
8302,1,1,1,-0.6388073692174315,-17.80891188894684,3,0.4912228227345914,1,1,1,0,0,0,2,ms_graph,,d60c33e1-c026-4f42-a243-213222885d01,app,,,,,0,8075.0,Microsoft Limited,,1,2025-12-07 20:50:59.738144,1,,domains,read
2193,1,1,0,-0.6447175360296019,-2.016985149720896,2,0.4894411758705812,1,0,1,0,0,0,3,ms_graph,,d60c33e1-c026-4f42-a243-213222885d01,app,,,,,0,8075.0,Microsoft Limited,,1,2025-12-07 20:50:59.738144,1,,organization,read
3209,1,1,0,-0.6438433555218215,-1.994529103023032,2,0.4876922495539346,1,0,1,0,0,0,4,ms_graph,,d60c33e1-c026-4f42-a243-213222885d01,app,,,,,0,8075.0,Microsoft Limited,,1,2025-12-07 15:49:00.8726,1,,domains,read
3293,1,1,0,-0.6434078872509738,-2.0055224687623876,2,0.4868399587630364,1,0,1,0,0,0,5,ms_graph,,d60c33e1-c026-4f42-a243-213222885d01,app,,,,,0,8075.0,Microsoft Limited,,1,2025-12-07 15:49:00.8726,1,,organization,read
1759,1,1,0,-0.6427449024091848,-2.065088907600141,2,0.4855789256152948,1,0,1,0,0,0,6,ms_signin,user14,d60c33e1-c026-4f42-a243-213222885d01,app,,,,,0,10788.0,,US,1,2025-12-07 15:49:00.8726,0,,,
9384,1,0,1,-0.6419194080651764,-1.2024940679064464,2,0.4832093925936022,1,0,1,0,0,1,7,ms_signin,user4,4765445b-32c6-49b0-83e6-1d93765276ca,app,Chrome,143.0.0,Mac,,11,17488.0,HATHWAY CABLE AND DATACOM LIMITED,IN,1,2025-12-07 06:32:36.947092,1,mozilla/ macintosh intel mac os x applewebkit/ khtml like gecko chrome/ safari,,
15013,1,0,1,-0.6383625486174072,-1.0663632913674335,2,0.4760551755698109,1,0,1,0,0,1,8,ms_signin,user4,4765445b-32c6-49b0-83e6-1d93765276ca,app,Chrome,143.0.0,Mac,,11,17488.0,HATHWAY CABLE AND DATACOM LIMITED,IN,1,2025-12-07 06:06:25.924534,1,mozilla/ macintosh intel mac os x applewebkit/ khtml like gecko chrome/ safari,,
3703,1,0,1,-0.6382206372734562,-1.2252182212860314,2,0.47590993289058275,1,0,1,0,0,1,9,ms_signin,user4,4765445b-32c6-49b0-83e6-1d93765276ca,app,Chrome,143.0.0,Mac,,11,17488.0,HATHWAY CABLE AND DATACOM LIMITED,IN,1,2025-12-07 05:57:22.298394,1,mozilla/ macintosh intel mac os x applewebkit/ khtml like gecko chrome/ safari,,
12052,1,1,0,-0.6368347092447852,-2.6534472623665746,2,0.4743863595572105,1,0,0,0,0,0,10,ms_signin,user4,4765445b-32c6-49b0-83e6-1d93765276ca,app,Chrome,143.0.0,Mac,,11,17488.0,HATHWAY CABLE AND DATACOM LIMITED,IN,1,2025-12-07 05:21:31.806373,1,mozilla/ macintosh intel mac os x applewebkit/ khtml like gecko chrome/ safari,,
13702,1,0,1,-0.6370202627618207,-1.7720567470101685,2,0.4740013730699224,1,0,0,0,0,0,11,ms_signin,user4,4765445b-32c6-49b0-83e6-1d93765276ca,app,Chrome,143.0.0,Mac,,11,17488.0,HATHWAY CABLE AND DATACOM LIMITED,IN,1,2025-12-07 05:04:13.021888,1,mozilla/ macintosh intel mac os x applewebkit/ khtml like gecko chrome/ safari,,
12944,1,0,1,-0.6370996591071152,-1.3288928400245223,2,0.473780297009335,1,0,0,0,0,1,12,ms_signin,user4,4765445b-32c6-49b0-83e6-1d93765276ca,app,Chrome,143.0.0,Mac,,11,17488.0,HATHWAY CABLE AND DATACOM LIMITED,IN,1,2025-12-07 04:36:25.858558,1,mozilla/ macintosh intel mac os x applewebkit/ khtml like gecko chrome/ safari,,
13102,1,0,1,-0.6320644834655771,-1.6229849938229732,2,0.464068034484051,1,0,1,0,0,1,16,ms_signin,user4,4765445b-32c6-49b0-83e6-1d93765276ca,app,,,,,0,17488.0,HATHWAY CABLE AND DATACOM LIMITED,IN,4,2025-12-07 03:59:01.709959,1,,,
12948,1,0,1,-0.6320644834655771,-1.6216528758346629,2,0.4640668977040189,1,0,1,0,0,1,17,ms_signin,user4,4765445b-32c6-49b0-83e6-1d93765276ca,app,Chrome,143.0.0,Mac,,11,17488.0,HATHWAY CABLE AND DATACOM LIMITED,IN,1,2025-12-07 03:59:01.709959,1,mozilla/ macintosh intel mac os x applewebkit/ khtml like gecko chrome/ safari,,
3164,1,1,0,-0.6318915323776663,-1.8926387120491366,2,0.4639559242477476,1,0,0,0,0,0,18,sharepoint,user2,user2,user,,,,,0,8075.0,Microsoft Corporation,,1,2025-12-07 03:41:38.815895,0,mswac,FileAccessed,read
2187,1,1,0,-0.6317056799317584,-1.9087427329501325,2,0.46360191586904426,1,0,0,0,0,0,19,exchange,user2,a3883eba-fbe9-48bd-9ed3-dca3e0e84250,app,,,,,0,0.0,Microsoft Corporation,,1,2025-12-07 02:56:05.34168,0,,MailItemsAccessed,read
4383,1,0,1,-0.6317282534002217,-1.4711739243368764,2,0.46327317758894554,1,0,0,0,0,1,20,exchange,user5,a3883eba-fbe9-48bd-9ed3-dca3e0e84250,app,,,,,0,0.0,Microsoft Corporation,,1,2025-12-07 11:12:02.654726,0,,MailItemsAccessed,read
3291,1,1,0,-0.6314641478118277,-1.904715799063211,2,0.46312055369663957,1,0,0,0,0,0,21,ms_signin,user5,7969c887-ba98-48bb-8832-6c9239929d7c,app,Google Apps Script,UAEmdDd8qd9VQk_s6J_LbXUvXKMnX_YYYnPw,,,7,396982.0,Google LLC,US,3,2025-12-07 09:33:47.883119,1,mozilla/ compatible google-apps-script beanserver https script.google.com id lbxuvxkmnx_yyynpw,,
1764,1,1,0,-0.6312659606293062,-1.9660625737046586,2,0.4627807467477653,1,0,0,0,0,0,22,ms_signin, user6,29d9ed98-a469-4536-ade2-f981bc1d605e,app,Microsoft Authenticator,1,iOS,,2,11427.0,NORTHPOINT HOTEL GROUP DBA ALOFT,US,1,2025-12-07 09:06:44.304314,0,microsoft authenticator/ cfnetwork/ darwin/ iphone,,
12057,1,1,0,-0.6306095962680522,-2.580460202021013,2,0.462006286050128,1,0,0,0,0,0,24,ms_signin, user6,29d9ed98-a469-4536-ade2-f981bc1d605e,app,Microsoft Authenticator,1,iOS,,2,21928.0,"T-Mobile USA, Inc.",US,1,2025-12-07 21:17:08.178411,0,microsoft authenticator/ cfnetwork/ darwin/ iphone,,
15543,1,0,1,-0.628991425702736,-1.2346228523377225,2,0.45765588325265827,1,0,1,0,0,1,25,ms_signin,user2,74658136-14ec-4630-ad9b-26e160ff0fc6,app,,,,,0,17762.0,Tata Teleservices (Maharashtra) Ltd,IN,3,2025-12-08 10:35:55.526979,0,,,
13820,1,1,1,-0.6279312922373593,-1.8722184464385658,3,0.456102270662488,1,1,0,0,0,0,26,ms_graph,user2,62ab86f5-fe17-43c6-aaa5-cd52060b5260,app,Chrome,143.0.0,Mac,,11,17762.0,Tata Teleservices (Maharashtra) Ltd,,6,2025-12-08 10:35:55.526979,0,mozilla/ macintosh intel mac os x applewebkit/ khtml like gecko chrome/ safari,serviceprincipals/*,read
12854,1,0,1,-0.6280632928937074,-1.1494408324138667,2,0.4557466721314068,1,0,1,0,0,1,27,ms_graph,user2,cb2ff863-7f30-4ced-ab89-a00194bcf6d9,app,Axios HTTP Client,1.12.0,,,7,8075.0,Microsoft Corporation,,1,2025-12-08 10:35:55.526979,1,axios,me/photos/*/$value,read
3195,1,1,0,-0.6266235725317847,-1.994529103023032,2,0.4536190278602567,1,0,0,0,0,0,29,ms_graph,user2,95dac30a-2d6e-4bb0-a64c-03e1cf798a94,app,,,,,0,8075.0,Microsoft Limited,,4,2025-12-08 10:35:55.526979,0,,subscribedskus,read
3285,1,1,0,-0.6257762161030932,-2.0055224687623876,2,0.4519517235164388,1,0,0,0,0,0,30,ms_signin,user2,74658136-14ec-4630-ad9b-26e160ff0fc6,app,Chrome,143.0.0,Mac,,11,17762.0,Tata Teleservices (Maharashtra) Ltd,IN,5,2025-12-08 10:35:55.526979,0,mozilla/ macintosh intel mac os x applewebkit/ khtml like gecko chrome/ safari,,
12287,1,0,1,-0.6257380456688029,-1.211056069130611,2,0.4511982265808814,1,0,0,0,0,1,31,ms_signin,user2,d2aeb141-54c8-4de4-a20d-fe9028894352,app,,,,,0,17762.0,Tata Teleservices (Maharashtra) Ltd,IN,1,2025-12-08 18:59:41.817007,0,,,
2190,1,1,0,-0.6244917053776893,-2.0169851497208944,2,0.44941981136557274,1,0,0,0,0,0,33,ms_graph,user2,62ab86f5-fe17-43c6-aaa5-cd52060b5260,app,Chrome,143.0.0,Mac,,11,17762.0,Tata Teleservices (Maharashtra) Ltd,,14,2025-12-08 10:35:55.526979,0,mozilla/ macintosh intel mac os x applewebkit/ khtml like gecko chrome/ safari,$batch,write
9403,1,0,1,-0.6244591536308606,-1.215387896248166,2,0.44867134706360334,1,0,0,0,0,1,35,ms_signin,user2,95dac30a-2d6e-4bb0-a64c-03e1cf798a94,app,Chrome,143.0.0,Mac,,11,17762.0,Tata Teleservices (Maharashtra) Ltd,IN,5,2025-12-08 10:35:55.526979,0,mozilla/ macintosh intel mac os x applewebkit/ khtml like gecko chrome/ safari,,
1762,1,1,0,-0.6235260512718821,-2.065088907600141,2,0.44755009703609605,1,0,0,0,0,0,36,ms_signin,user2,ca7c7752-d6d5-409a-a0f6-57d6e4669342,app,,,,,0,17762.0,Tata Teleservices (Maharashtra) Ltd,IN,4,2025-12-08 10:35:55.526979,0,,,
3702,1,0,1,-0.6236152826547875,-1.2659610592281951,2,0.44704471540279184,1,0,0,0,0,1,37,ms_graph,user2,62ab86f5-fe17-43c6-aaa5-cd52060b5260,app,Chrome,143.0.0,Mac,,11,17762.0,Tata Teleservices (Maharashtra) Ltd,,18,2025-12-08 10:35:55.526979,0,mozilla/ macintosh intel mac os x applewebkit/ khtml like gecko chrome/ safari,serviceprincipals,read
24,1,0,1,-0.6203779557119661,-1.1854203960659788,2,0.4405702039960584,1,0,0,0,0,0,58,ms_graph,user2,62ab86f5-fe17-43c6-aaa5-cd52060b5260,app,Chrome,143.0.0,Mac,,11,17762.0,Tata Teleservices (Maharashtra) Ltd,,3,2025-12-08 10:35:55.526979,0,mozilla/ macintosh intel mac os x applewebkit/ khtml like gecko chrome/ safari,serviceprincipals/*/approleassignments,read
4813,1,0,1,-0.61950495077589,-1.3400823754031894,2,0.4389747497603288,1,0,1,0,0,0,64,ms_signin,user2,e9f82942-396e-4006-adfb-9163dcae1561,app,,,,,0,17762.0,Tata Teleservices (Maharashtra) Ltd,IN,1,2025-12-08 10:35:55.526979,0,,,
13376,1,0,1,-0.6190168601621057,-1.0559850135028,2,0.4377665143329621,1,0,0,0,0,0,66,ms_graph,user2,62ab86f5-fe17-43c6-aaa5-cd52060b5260,app,Chrome,143.0.0,Mac,,11,17762.0,Tata Teleservices (Maharashtra) Ltd,,1,2025-12-08 10:35:55.526979,0,mozilla/ macintosh intel mac os x applewebkit/ khtml like gecko chrome/ safari,rolemanagement/directory/roledefinitions,read
15010,1,0,1,-0.6189786824664847,-1.068027562550075,2,0.4377012478218078,1,0,0,0,0,1,67,ms_graph,user2,62ab86f5-fe17-43c6-aaa5-cd52060b5260,app,Chrome,143.0.0,Mac,,11,17762.0,Tata Teleservices (Maharashtra) Ltd,,4,2025-12-08 10:35:55.526979,0,mozilla/ macintosh intel mac os x applewebkit/ khtml like gecko chrome/ safari,oauth2permissiongrants,read
695,1,0,1,-0.618575585241979,-1.3716159944426356,2,0.4371627002079126,1,0,1,0,0,1,69,ms_signin, user10,6f7e0f60-9401-4f5b-98e2-cf15bd5fd5e3,app,Edge,18.19045,Windows,10.0,11,7922.0,"Comcast Cable Communications, IP Services",US,1,2025-12-08 18:26:25.156282,1,mozilla/ windows nt applewebkit/ khtml like gecko chrome/ safari/ edge,,
5568,1,0,1,-0.6184081873567336,-1.6910846094391812,2,0.4371040884180476,1,0,0,0,0,1,70,ms_signin,user11,ca7c7752-d6d5-409a-a0f6-57d6e4669342,app,Chrome,142.0.0,Mac,,11,147221.0,NIXI,IN,1,2025-12-08 10:04:55.111036,0,mozilla/ macintosh intel mac os x applewebkit/ khtml like gecko chrome/ safari,,
13629,1,0,1,-0.6161390423357548,-1.559880095403404,2,0.43250210850623416,1,0,1,0,0,0,78,ms_signin,user2,cb2ff863-7f30-4ced-ab89-a00194bcf6d9,app,,,,,0,17762.0,Tata Teleservices (Maharashtra) Ltd,IN,9,2025-12-08 08:54:01.940455,0,,,
8754,1,0,1,-0.6162194862483324,-1.0056348170037042,2,0.4321883125755061,1,0,0,0,1,1,80,ms_graph,user3,74658136-14ec-4630-ad9b-26e160ff0fc6,app,Firefox,145.0,Mac,10.15,11,17762.0,Tata Teleservices (Maharashtra) Ltd,,1,2025-12-08 05:12:44.915418,0,mozilla/ macintosh intel mac os x rv gecko/ firefox,users,read
2645,1,0,1,-0.6141498627283102,-1.1616162295814376,2,0.4282262047291849,1,0,0,0,0,1,92,ms_graph,user3,74658136-14ec-4630-ad9b-26e160ff0fc6,app,Firefox,145.0,Mac,10.15,11,17762.0,Tata Teleservices (Maharashtra) Ltd,,1,2025-12-08 05:12:44.915418,0,mozilla/ macintosh intel mac os x rv gecko/ firefox,devices/$count,read
13168,1,0,1,-0.6136330937166282,-1.2540008910577802,2,0.4272824984086041,1,0,0,0,0,1,96,ms_graph,user3,496d15fe-e9c0-4763-9942-4816a67b3505,app,,,,,0,8075.0,Microsoft Limited,,2,2025-12-08 05:12:44.915418,0,,rolemanagement,write
4161,1,0,1,-0.6132314753618677,-1.367231609684452,2,0.4265844328669489,1,0,1,0,0,0,99,ms_graph,user3,74658136-14ec-4630-ad9b-26e160ff0fc6,app,Firefox,145.0,Mac,10.15,11,17762.0,Tata Teleservices (Maharashtra) Ltd,,18,2025-12-08 05:12:44.915418,0,mozilla/ macintosh intel mac os x rv gecko/ firefox,$batch,write
13094,1,0,1,-0.6132180583823905,-1.266059935403956,2,0.4264715481985835,1,0,0,0,0,1,100,ms_graph,user3,74658136-14ec-4630-ad9b-26e160ff0fc6,app,Firefox,145.0,Mac,10.15,11,17762.0,Tata Teleservices (Maharashtra) Ltd,,1,2025-12-08 05:12:44.915418,1,mozilla/ macintosh intel mac os x rv gecko/ firefox,users/*/photos/*/$value,read
10046,1,0,1,-0.6130781184074033,-1.5493636669550026,2,0.4264364063039172,1,0,1,0,0,1,101,ms_graph,user3,74658136-14ec-4630-ad9b-26e160ff0fc6,app,Firefox,145.0,Mac,10.15,11,17762.0,Tata Teleservices (Maharashtra) Ltd,,1,2025-12-08 05:12:44.915418,0,mozilla/ macintosh intel mac os x rv gecko/ firefox,reports/healthmonitoring/alerts,read
10821,1,0,1,-0.6126213039354439,-1.285411373302387,2,0.42530724882555726,1,0,1,0,0,1,104,ms_graph,user3,74658136-14ec-4630-ad9b-26e160ff0fc6,app,Firefox,145.0,Mac,10.15,11,17762.0,Tata Teleservices (Maharashtra) Ltd,,1,2025-12-08 05:12:44.915418,1,mozilla/ macintosh intel mac os x rv gecko/ firefox,directory/customsecurityattributedefinitions,read
22,1,0,1,-0.6125501322836479,-1.2293375307091137,2,0.42511856833624334,1,0,0,0,0,0,106,ms_graph,user3,74658136-14ec-4630-ad9b-26e160ff0fc6,app,Firefox,145.0,Mac,10.15,11,17762.0,Tata Teleservices (Maharashtra) Ltd,,13,2025-12-08 05:12:44.915418,0,mozilla/ macintosh intel mac os x rv gecko/ firefox,applicationtemplates/*,read
13104,1,0,1,-0.6121793637110021,-1.6883852559801018,2,0.42477665343543086,1,0,0,0,0,1,107,ms_graph,user3,74658136-14ec-4630-ad9b-26e160ff0fc6,app,Firefox,145.0,Mac,10.15,11,17762.0,Tata Teleservices (Maharashtra) Ltd,,1,2025-12-08 05:12:44.915418,0,mozilla/ macintosh intel mac os x rv gecko/ firefox,groups/$count,read
12949,1,0,1,-0.6121793637110021,-1.6883852559801018,2,0.42477665343543086,1,0,0,0,0,1,108,ms_graph,user3,62ab86f5-fe17-43c6-aaa5-cd52060b5260,app,Firefox,145.0,Mac,10.15,11,17762.0,Tata Teleservices (Maharashtra) Ltd,,3,2025-12-08 05:12:44.915418,0,mozilla/ macintosh intel mac os x rv gecko/ firefox,serviceprincipals/*/approleassignments,read
7211,1,1,1,-0.6114489238558554,-2.172467509115584,3,0.42374441137495816,1,1,0,0,1,0,113,ms_graph,user7,74658136-14ec-4630-ad9b-26e160ff0fc6,app,,,,,0,8075.0,Microsoft Limited,,2,2025-12-08 07:42:12.955171,0,,serviceprincipals/*,read
2832,1,0,1,-0.61069606193561,-1.4754578633737596,2,0.4216599022304399,1,0,1,0,0,0,114,ms_graph,user11,f9885e6e-6f74-46b3-b595-350157a27541,app,Chrome,142.0.0,Mac,,11,147221.0,NIXI,,1,2025-12-08 07:42:12.955171,0,mozilla/ macintosh intel mac os x applewebkit/ khtml like gecko chrome/ safari,users/*/approleassignments/$count,read
15518,1,0,1,-0.6088602653920455,-1.3520163985082256,2,0.4179220246485435,1,0,0,0,0,1,125,ms_graph,user7,74658136-14ec-4630-ad9b-26e160ff0fc6,app,Firefox,146.0,Mac,10.15,11,147221.0,NIXI,,5,2025-12-08 07:42:12.955171,0,mozilla/ macintosh intel mac os x rv gecko/ firefox,devices,read
12156,1,1,1,-0.6080904375882006,-2.5073504602641856,3,0.4173846660253034,1,1,0,0,0,0,127,ms_signin, user10,4b0964e4-58f1-47f4-a552-e2e1fc56dcd7,app,Edge,18.19045,Windows,10.0,11,7922.0,"Comcast Cable Communications, IP Services",US,2,2025-12-08 18:08:22.246613,1,mozilla/ windows nt applewebkit/ khtml like gecko chrome/ safari/ edge,,
13057,1,0,1,-0.6079497275166471,-1.5730116213604517,2,0.416308909360257,1,0,0,0,0,1,134,ms_graph,user11,6aa22f7e-b273-4c69-b0bb-889945b15ce9,app,Chrome,142.0.0,Mac,,11,147221.0,NIXI,,2,2025-12-08 07:42:12.955171,0,mozilla/ macintosh intel mac os x applewebkit/ khtml like gecko chrome/ safari,users,read
13123,1,0,1,-0.6079497275166471,-1.5730116213604517,2,0.416308909360257,1,0,0,0,0,1,135,ms_graph,user7,74658136-14ec-4630-ad9b-26e160ff0fc6,app,Firefox,146.0,Mac,10.15,11,147221.0,NIXI,,5,2025-12-08 07:42:12.955171,0,mozilla/ macintosh intel mac os x rv gecko/ firefox,groups,read
12921,1,0,1,-0.607530098906699,-1.1345312847508886,2,0.4151043967390022,1,0,0,0,0,1,140,ms_signin, user10,0dc2408a-bbc0-4238-871e-13b372f0200f,app,Edge,18.19045,Windows,10.0,11,7922.0,"Comcast Cable Communications, IP Services",US,1,2025-12-08 18:08:22.246613,1,mozilla/ windows nt applewebkit/ khtml like gecko chrome/ safari/ edge,,
7125,1,0,1,-0.6072629822530381,-1.7403892466133637,2,0.4150928629263993,1,0,1,0,0,1,142,ms_graph,user7,74658136-14ec-4630-ad9b-26e160ff0fc6,app,,,,,0,8075.0,Microsoft Limited,,2,2025-12-08 07:42:12.955171,0,,applications,read
6482,1,1,1,-0.6060109071574917,-2.8059152422662903,3,0.4135246304769424,1,1,0,0,0,0,151,ms_graph,user7,74658136-14ec-4630-ad9b-26e160ff0fc6,app,Firefox,146.0,Mac,10.15,11,147221.0,NIXI,,4,2025-12-08 07:42:12.955171,0,mozilla/ macintosh intel mac os x rv gecko/ firefox,$batch,write
1765,1,1,1,-0.6054865082924843,-2.08394255495815,3,0.4118708844460818,1,1,0,0,0,0,175,ms_graph,user11,6aa22f7e-b273-4c69-b0bb-889945b15ce9,app,Chrome,142.0.0,Mac,,11,147221.0,NIXI,,2,2025-12-08 07:42:12.955171,0,mozilla/ macintosh intel mac os x applewebkit/ khtml like gecko chrome/ safari,directoryobjects/*,read
2072,1,0,1,-0.6053862996304323,-1.7052344029649964,2,0.41134942354671267,1,0,1,0,0,0,180,ms_signin, user10,6f7e0f60-9401-4f5b-98e2-cf15bd5fd5e3,app,Edge,18.19045,Windows,10.0,11,7922.0,"Comcast Cable Communications, IP Services",US,2,2025-12-08 17:56:44.933565,1,mozilla/ windows nt applewebkit/ khtml like gecko chrome/ safari/ edge,,
6463,1,1,1,-0.6042416982474611,-3.9800539199009353,3,0.41102581825252216,1,1,1,0,0,0,181,ms_graph,user11,74658136-14ec-4630-ad9b-26e160ff0fc6,app,Chrome,142.0.0,Mac,,11,147221.0,NIXI,,1,2025-12-08 07:42:12.955171,0,mozilla/ macintosh intel mac os x applewebkit/ khtml like gecko chrome/ safari,$batch,write
14098,1,0,1,-0.6050336959259128,-1.4971421320292913,2,0.41047413942848204,1,0,1,0,0,0,184,ms_signin,user3,ca7c7752-d6d5-409a-a0f6-57d6e4669342,app,Firefox,145.0,Mac,10.15,11,17762.0,Tata Teleservices (Maharashtra) Ltd,IN,1,2025-12-08 09:52:34.446522,0,mozilla/ macintosh intel mac os x rv gecko/ firefox,,
13772,1,0,1,-0.6048512831846612,-1.4803906581555857,2,0.4100988996213167,1,0,1,0,0,0,190,ms_graph,user2,29755f04-66af-4ac3-8354-58ec8d1b3717,app,Teams Middle Tier,1.0,,,7,8075.0,Microsoft Corporation,,1,2025-12-08 05:39:53.96336,0,teamsmiddletier,me,read
2261,1,0,1,-0.6048500469522712,-1.3673321080071845,2,0.40999997348787026,1,0,1,0,0,0,191,sharepoint,user2,user2,user,Chrome,143.0.0,Mac,,11,17762.0,Tata Teleservices (Maharashtra) Ltd,,2,2025-12-08 05:39:53.96336,0,mozilla/ macintosh intel mac os x applewebkit/ khtml like gecko chrome/ safari,SiteAccessWithCustomScripts,
9977,1,1,1,-0.6043495537222002,-1.9132565491035105,3,0.4094755064783078,1,1,0,0,0,0,195,ms_signin,user2,4354e225-50c9-4423-9ece-2d5afd904870,app,Node Fetch,1.0,,,7,17762.0,Tata Teleservices (Maharashtra) Ltd,IN,2,2025-12-08 05:39:53.96336,0,node-fetch/ https github.com/bitinn/node-fetch,,
12945,1,0,1,-0.6045040723479677,-1.2161188723043186,2,0.409186344995356,1,0,0,0,0,1,198,sharepoint,user2,user2,user,Chrome,143.0.0,Mac,,11,17762.0,Tata Teleservices (Maharashtra) Ltd,,5,2025-12-08 05:39:53.96336,0,mozilla/ macintosh intel mac os x applewebkit/ khtml like gecko chrome/ safari,PageViewed,read
2265,1,0,1,-0.6041968342012528,-1.5760882848128144,2,0.4088855896074188,1,0,1,0,0,0,203,ms_graph,user2,9199bf20-a13f-4107-85dc-02114787ef48,app,Chrome,143.0.0,Mac,,11,17762.0,Tata Teleservices (Maharashtra) Ltd,,1,2025-12-08 05:39:53.96336,0,mozilla/ macintosh intel mac os x applewebkit/ khtml like gecko chrome/ safari,users,read
4388,1,0,1,-0.6030699688831967,-1.7467980399709937,2,0.4068015099661653,1,0,1,0,0,1,223,ms_graph,user2,2821b473-fe24-4c86-ba16-62834d6e80c3,app,Chrome,143.0.0,Mac,,11,17762.0,Tata Teleservices (Maharashtra) Ltd,,1,2025-12-08 05:39:53.96336,0,mozilla/ macintosh intel mac os x applewebkit/ khtml like gecko chrome/ safari,me,read
8385,1,0,1,-0.6028013816121006,-1.132655573987313,2,0.40574596313680233,1,0,1,0,0,0,230,ms_graph,user2,b425ddaa-ac15-4f3c-9249-94e4b5d52661,app,,,,,0,8075.0,Microsoft Corporation,,1,2025-12-08 05:39:53.96336,1,,serviceprincipals,read
1752,1,0,1,-0.6025875305152293,-1.0863913713434539,2,0.4052833303903916,1,0,0,1,0,0,237,ms_graph,user2,2821b473-fe24-4c86-ba16-62834d6e80c3,app,Chrome,143.0.0,Mac,,11,17762.0,Tata Teleservices (Maharashtra) Ltd,,1,2025-12-08 05:39:53.96336,0,mozilla/ macintosh intel mac os x applewebkit/ khtml like gecko chrome/ safari,me/drive,read
6444,1,1,1,-0.6007345386014563,-4.114306657047844,3,0.4042006787397452,1,1,1,0,0,0,242,ms_signin,user2,bb893c22-978d-4cd4-a6f7-bb6cc0d6e6ce,app,,,,,0,17488.0,HATHWAY CABLE AND DATACOM LIMITED,IN,1,2025-12-08 05:39:53.96336,0,,,
13320,1,0,1,-0.6019308134188441,-1.183825697203293,2,0.40406701443839366,1,0,0,0,0,0,243,ms_signin,user2,84e48cbf-2e2d-483a-80a2-f392f6c91e2d,app,,,,,0,17762.0,Tata Teleservices (Maharashtra) Ltd,IN,19,2025-12-08 05:39:53.96336,0,,,
3198,1,1,1,-0.6007604267450889,-3.7499845546510318,3,0.40394100531110794,1,1,0,1,0,0,244,ms_signin,user2,74658136-14ec-4630-ad9b-26e160ff0fc6,app,,,,,0,17762.0,Tata Teleservices (Maharashtra) Ltd,IN,1,2025-12-08 05:39:53.96336,0,,,
11513,1,0,1,-0.6011450009833811,-1.2220302775651943,2,0.40254470979640933,1,0,1,0,0,0,255,ms_signin_int,user2,user2,user,Chrome,143.0.0,Mac,,11,17762.0,Tata Teleservices (Maharashtra) Ltd,IN,1,2025-12-08 05:39:53.96336,0,mozilla/ macintosh intel mac os x applewebkit/ khtml like gecko chrome/ safari,,
3496,1,0,1,-0.6008895081229229,-1.4073074302774027,2,0.4021972682313412,1,0,0,0,0,0,261,ms_graph,user2,b425ddaa-ac15-4f3c-9249-94e4b5d52661,app,,,,,0,8075.0,Microsoft Corporation,,2,2025-12-08 05:39:53.96336,0,,users/*/getmembergroups,write
13643,1,0,1,-0.6006376781445423,-1.0663111613960459,2,0.4014079723056087,1,0,0,0,0,1,271,ms_signin,user2,74658136-14ec-4630-ad9b-26e160ff0fc6,app,Chrome,143.0.0,Mac,,11,17762.0,Tata Teleservices (Maharashtra) Ltd,IN,4,2025-12-08 04:47:48.789399,0,mozilla/ macintosh intel mac os x applewebkit/ khtml like gecko chrome/ safari,,
5523,1,0,1,-0.5998094022756727,-1.3588526676453436,2,0.4000186858795717,1,0,0,0,0,0,282,ms_graph,user2,74658136-14ec-4630-ad9b-26e160ff0fc6,app,Chrome,143.0.0,Mac,,11,17762.0,Tata Teleservices (Maharashtra) Ltd,,1,2025-12-08 04:47:48.789399,0,mozilla/ macintosh intel mac os x applewebkit/ khtml like gecko chrome/ safari,rolemanagement/directory/transitiveroleassignments,read
3138,1,1,1,-0.5990100660851048,-2.2386126484976674,3,0.3991877735734334,1,1,0,0,0,0,286,ms_graph,user2,5ec6fa7d-8684-401e-ace0-99563934eb3b,app,Kiota .NET Client,1.17.1,,,7,8075.0,Microsoft Limited,,1,2025-12-08 04:47:48.789399,0,kiota-dotnet,security/securescores,read
3146,1,1,1,-0.5990100660851048,-2.2386126484976674,3,0.3991877735734334,1,1,0,0,0,0,287,ms_graph,user2,74658136-14ec-4630-ad9b-26e160ff0fc6,app,Chrome,143.0.0,Mac,,11,17762.0,Tata Teleservices (Maharashtra) Ltd,,1,2025-12-08 04:47:48.789399,0,mozilla/ macintosh intel mac os x applewebkit/ khtml like gecko chrome/ safari,applications/$count,read
3517,1,0,1,-0.5991880836459261,-1.3482280750820028,2,0.39878020030308414,1,0,0,0,0,0,292,ms_graph,user2,74658136-14ec-4630-ad9b-26e160ff0fc6,app,Chrome,143.0.0,Mac,,11,17762.0,Tata Teleservices (Maharashtra) Ltd,,1,2025-12-08 04:47:48.789399,1,mozilla/ macintosh intel mac os x applewebkit/ khtml like gecko chrome/ safari,identity,read
12076,1,1,1,-0.5983010917154526,-2.9734343165633623,3,0.3984119775211692,1,1,0,0,0,0,298,ms_signin,user7,74658136-14ec-4630-ad9b-26e160ff0fc6,app,,,,,0,147221.0,NIXI,IN,4,2025-12-08 06:14:50.946839,0,,,
4805,1,0,1,-0.5987479961018509,-1.3480016866973812,2,0.39790919471739894,1,0,0,0,0,0,303,ms_graph,user7,74658136-14ec-4630-ad9b-26e160ff0fc6,app,Firefox,146.0,Mac,10.15,11,147221.0,NIXI,,5,2025-12-08 06:14:50.946839,0,mozilla/ macintosh intel mac os x rv gecko/ firefox,users,read
9043,1,0,1,-0.5986976041683802,-1.4310594476781264,2,0.3978803613289739,1,0,1,0,0,0,304,ms_graph,user7,74658136-14ec-4630-ad9b-26e160ff0fc6,app,Firefox,146.0,Mac,10.15,11,147221.0,NIXI,,1,2025-12-08 06:14:50.946839,1,mozilla/ macintosh intel mac os x rv gecko/ firefox,directory/customsecurityattributedefinitions,read
9534,1,0,1,-0.5985221349074815,-1.03764237908136,2,0.3971974283290062,1,0,1,0,0,0,312,exchange,user16,a3883eba-fbe9-48bd-9ed3-dca3e0e84250,app,,,,,0,0.0,Microsoft Corporation,,1,2025-12-08 02:47:49.94076,0,,MailItemsAccessed,read
5138,1,0,1,-0.5983341004508947,-1.1627433013676147,2,0.39693211625917024,1,0,0,0,0,0,316,ms_graph,user11,f9885e6e-6f74-46b3-b595-350157a27541,app,Chrome,142.0.0,Mac,,11,147221.0,NIXI,,3,2025-12-08 07:58:48.560997,0,mozilla/ macintosh intel mac os x applewebkit/ khtml like gecko chrome/ safari,users/*/approleassignments/$count,read
7165,1,1,1,-0.5978101229566973,-1.8707035746409746,3,0.39649945570315986,1,1,0,0,1,0,322,ms_signin, user10,0dc2408a-bbc0-4238-871e-13b372f0200f,app,Edge,18.19045,Windows,10.0,11,7922.0,"Comcast Cable Communications, IP Services",US,1,2025-12-08 00:28:48.727784,1,mozilla/ windows nt applewebkit/ khtml like gecko chrome/ safari/ edge,,
2107,1,0,1,-0.5981033766894808,-0.997960198078215,2,0.3963349575137304,1,0,0,0,1,0,326,ms_signin, user10,268761a2-03f3-40df-8a8b-c3db24145b6b,app,Edge,18.19045,Windows,10.0,11,7922.0,"Comcast Cable Communications, IP Services",US,2,2025-12-08 00:28:48.727784,1,mozilla/ windows nt applewebkit/ khtml like gecko chrome/ safari/ edge,,
3246,1,1,1,-0.5969797304161983,-1.9244302084736695,3,0.3949021852198862,1,1,0,1,0,0,344,ms_graph,user11,f9885e6e-6f74-46b3-b595-350157a27541,app,Chrome,142.0.0,Mac,,11,147221.0,NIXI,,1,2025-12-08 07:58:48.560997,0,mozilla/ macintosh intel mac os x applewebkit/ khtml like gecko chrome/ safari,subscribedskus,read
667,1,0,1,-0.5968365816922637,-1.2920268017442662,2,0.3940792636189731,1,0,0,0,0,1,359,ms_signin, user10,6f7e0f60-9401-4f5b-98e2-cf15bd5fd5e3,app,Edge,18.19045,Windows,10.0,11,7922.0,"Comcast Cable Communications, IP Services",US,2,2025-12-08 00:38:38.141906,1,mozilla/ windows nt applewebkit/ khtml like gecko chrome/ safari/ edge,,
2120,1,0,1,-0.5960873100448771,-1.2677118405063053,2,0.3925759113063102,1,0,1,0,0,0,374,ms_graph,user11,4c5c5731-bed6-4b3f-ac87-92e1cd10a3e8,app,O365AdminPortal,,,,4,8075.0,Microsoft Corporation,,1,2025-12-08 07:13:35.805033,0,,directory/subscriptions,read
15236,1,0,1,-0.5951391331243001,-1.4969554807857637,2,0.3908953575771171,1,0,1,0,0,0,399,ms_graph,user2,ca7c7752-d6d5-409a-a0f6-57d6e4669342,app,,,,,0,8075.0,Microsoft Corporation,,1,2025-12-08 09:41:44.551189,1,,me/photos/*/$value,read
4895,1,0,1,-0.595170442695035,-1.1603898885908408,2,0.39067009803915703,1,0,0,0,0,0,402,ms_graph,user2,74658136-14ec-4630-ad9b-26e160ff0fc6,app,Chrome,143.0.0,Mac,,11,17762.0,Tata Teleservices (Maharashtra) Ltd,,1,2025-12-08 09:41:44.551189,0,mozilla/ macintosh intel mac os x applewebkit/ khtml like gecko chrome/ safari,groups/$count,read
12274,1,1,1,-0.5941607021482084,-2.7835176906688344,3,0.39005721579130687,1,1,0,0,0,0,413,ms_graph,user2,62ab86f5-fe17-43c6-aaa5-cd52060b5260,app,Chrome,143.0.0,Mac,,11,17762.0,Tata Teleservices (Maharashtra) Ltd,,6,2025-12-08 09:41:44.551189,0,mozilla/ macintosh intel mac os x applewebkit/ khtml like gecko chrome/ safari,unknown,read
1756,1,0,1,-0.5943879437135328,-1.33883247883361,2,0.38927402372347897,1,0,0,0,0,0,427,ms_signin,user2,74658136-14ec-4630-ad9b-26e160ff0fc6,app,Chrome,143.0.0,Mac,,11,17762.0,Tata Teleservices (Maharashtra) Ltd,IN,1,2025-12-08 09:41:44.551189,0,mozilla/ macintosh intel mac os x applewebkit/ khtml like gecko chrome/ safari,,
6421,1,0,1,-0.5937598233660436,-1.251019252375928,2,0.38795620950115484,1,0,1,0,0,0,448,ms_signin_int,user2,user2,user,Chrome,143.0.0,Mac,,11,17762.0,Tata Teleservices (Maharashtra) Ltd,IN,1,2025-12-08 04:56:50.151041,1,mozilla/ macintosh intel mac os x applewebkit/ khtml like gecko chrome/ safari,,
11715,1,0,1,-0.5934082102868273,-1.2364362379126335,2,0.38724801917318136,1,0,0,0,0,1,453,ms_signin,user3,ca7c7752-d6d5-409a-a0f6-57d6e4669342,app,Firefox,145.0,Mac,10.15,11,17762.0,Tata Teleservices (Maharashtra) Ltd,IN,1,2025-12-08 06:41:12.777697,0,mozilla/ macintosh intel mac os x rv gecko/ firefox,,
4116,1,0,1,-0.5931948032538515,-1.3378705765722072,2,0.38691230555864065,1,0,0,0,0,0,457,ms_signin,user3,62ab86f5-fe17-43c6-aaa5-cd52060b5260,app,Firefox,145.0,Mac,10.15,11,17762.0,Tata Teleservices (Maharashtra) Ltd,IN,2,2025-12-08 06:41:12.777697,0,mozilla/ macintosh intel mac os x rv gecko/ firefox,,
12085,0,1,1,-0.5921156750022596,-2.5825774283900897,2,0.3858391937092312,1,0,0,0,0,0,478,ms_graph,user11,74658136-14ec-4630-ad9b-26e160ff0fc6,app,Chrome,142.0.0,Mac,,11,147221.0,NIXI,,1,2025-12-08 06:56:48.924152,1,mozilla/ macintosh intel mac os x applewebkit/ khtml like gecko chrome/ safari,identity,read
12148,0,1,1,-0.5852889697752682,-5.67431898112538,2,0.37496939624403974,1,0,0,1,0,0,599,ms_graph,user11,4c5c5731-bed6-4b3f-ac87-92e1cd10a3e8,app,O365AdminPortal,,,,4,8075.0,Microsoft Corporation,,3,2025-12-08 06:56:48.924152,0,,serviceprincipals,read
12550,0,1,1,-0.5832538659824202,-2.5960863846363433,2,0.36831563530328126,1,0,0,1,0,0,679,ms_graph,user2,f9885e6e-6f74-46b3-b595-350157a27541,app,Chrome,143.0.0,Mac,,11,17762.0,Tata Teleservices (Maharashtra) Ltd,,1,2025-12-08 05:59:07.140401,0,mozilla/ macintosh intel mac os x applewebkit/ khtml like gecko chrome/ safari,me,read
12605,0,1,1,-0.5817723504261377,-2.303133903136861,2,0.365134128095708,1,0,0,1,0,0,714,ms_graph,user2,f9885e6e-6f74-46b3-b595-350157a27541,app,Chrome,143.0.0,Mac,,11,17762.0,Tata Teleservices (Maharashtra) Ltd,,1,2025-12-08 05:59:07.140401,1,mozilla/ macintosh intel mac os x applewebkit/ khtml like gecko chrome/ safari,users/*/photo/$value,read
3519,0,1,1,-0.5805865254105396,-2.167139978615374,2,0.36267165387146355,1,0,0,0,0,0,728,ms_signin,user2,d6949b98-b305-43dc-a291-4c6cff67f88e,app,,,,,0,17762.0,Tata Teleservices (Maharashtra) Ltd,IN,1,2025-12-08 05:59:07.140401,0,,,
7055,0,1,1,-0.5803745239862406,-1.9793384661568858,2,0.3620918984339508,1,0,0,0,0,0,732,ms_signin, user10,0dc2408a-bbc0-4238-871e-13b372f0200f,app,Edge,18.19045,Windows,10.0,11,7922.0,"Comcast Cable Communications, IP Services",US,1,2025-12-08 19:30:45.189277,1,mozilla/ windows nt applewebkit/ khtml like gecko chrome/ safari/ edge,,
12086,0,1,1,-0.5794379292862544,-2.541766264007431,2,0.36071858972817855,1,0,0,0,0,0,760,ms_graph,,d60c33e1-c026-4f42-a243-213222885d01,app,,,,,0,8075.0,Microsoft Limited,,1,2025-12-08 15:57:35.602973,1,,domains,read
6358,0,1,1,-0.5794145029025353,-1.79665060172028,2,0.36003638130668236,1,0,1,0,0,0,768,ms_signin,user7,ca7c7752-d6d5-409a-a0f6-57d6e4669342,app,Firefox,146.0,Mac,10.15,11,131442.0,Dna Dhanraj Telecom Private Limited,IN,1,2025-12-08 14:56:35.604843,0,mozilla/ macintosh intel mac os x rv gecko/ firefox,,
7630,0,1,1,-0.5785815149589258,-1.9094540012907475,2,0.35848438915186176,1,0,0,0,0,0,786,ms_signin,user2,330c1d6f-75ad-45b5-a067-8beee48c6f9e,app,,,,,0,17762.0,Tata Teleservices (Maharashtra) Ltd,IN,3,2025-12-08 11:38:47.760184,0,,,
12063,0,1,1,-0.5741544088637559,-2.5272070516925096,2,0.35025152946487703,1,0,0,0,0,0,926,ms_signin,user2,9057c255-b882-4520-8cd1-8abe3148497c,app,,,,,0,17762.0,Tata Teleservices (Maharashtra) Ltd,IN,1,2025-12-08 10:52:36.80638,0,,,
3189,0,1,1,-0.5706137929423458,-5.667377888154118,2,0.34592532807237825,1,0,0,0,0,0,1005,ms_signin_int,user2,user2,user,Chrome,143.0.0,Mac,,11,147221.0,NIXI,IN,1,2025-12-09 11:49:19.947348,0,mozilla/ macintosh intel mac os x applewebkit/ khtml like gecko chrome/ safari,,
7998,0,1,1,-0.5710385540894818,-3.4557581264712245,2,0.3448784995447926,1,0,0,0,0,0,1023,ms_graph,user3,62ab86f5-fe17-43c6-aaa5-cd52060b5260,app,Firefox,145.0,Mac,10.15,11,17762.0,Tata Teleservices (Maharashtra) Ltd,,3,2025-12-09 11:06:22.14033,0,mozilla/ macintosh intel mac os x rv gecko/ firefox,rolemanagement,write
3970,0,1,1,-0.5690497802517414,-2.077570048507569,2,0.3397671677347306,1,0,0,0,0,1,1097,ms_graph,user3,62ab86f5-fe17-43c6-aaa5-cd52060b5260,app,Firefox,145.0,Mac,10.15,11,17762.0,Tata Teleservices (Maharashtra) Ltd,,6,2025-12-09 11:06:22.14033,0,mozilla/ macintosh intel mac os x rv gecko/ firefox,serviceprincipals/*/approleassignments,read
3179,0,1,1,-0.5639129782488798,-2.5004425500367677,2,0.3299637109160766,1,0,0,0,0,0,1448,ms_signin,user5,29755f04-66af-4ac3-8354-58ec8d1b3717,app,,,,,0,17762.0,Tata Teleservices (Maharashtra) Ltd,IN,6,2025-12-09 09:51:08.943756,0,,,
11950,0,1,1,-0.5638077634593349,-2.2242812681295816,2,0.3295198539567176,1,0,0,0,0,0,1462,ms_graph,user5,77492573-7931-451b-89c9-49255521a8ab,app,,,,,0,8075.0,Microsoft Limited,,4,2025-12-09 09:51:08.943756,0,,directory/subscriptions,read
6938,0,1,1,-0.5632806173627404,-1.8253803768049233,2,0.32813636938460256,1,0,1,0,0,0,1486,ms_signin_int,user2,user2,user,Chrome,143.0.0,Mac,,11,147221.0,NIXI,IN,1,2025-12-09 05:10:47.022747,1,mozilla/ macintosh intel mac os x applewebkit/ khtml like gecko chrome/ safari,,
14660,0,1,1,-0.5620666461295284,-2.4923858477675354,2,0.32630345139531686,1,0,0,1,0,0,1525,ms_graph,user2,95dac30a-2d6e-4bb0-a64c-03e1cf798a94,app,Chrome,143.0.0,Mac,,11,17488.0,HATHWAY CABLE AND DATACOM LIMITED,,1,2025-12-09 15:30:39.140303,0,mozilla/ macintosh intel mac os x applewebkit/ khtml like gecko chrome/ safari,me,read
2293,0,1,1,-0.5620881529727692,-1.8063993211073348,2,0.3257606120995361,1,0,0,0,0,0,1531,ms_graph,user3,f9885e6e-6f74-46b3-b595-350157a27541,app,Firefox,145.0,Mac,10.15,11,17762.0,Tata Teleservices (Maharashtra) Ltd,,1,2025-12-09 12:06:43.419368,0,mozilla/ macintosh intel mac os x rv gecko/ firefox,subscribedskus,read
12054,0,1,1,-0.5616883627087309,-2.469424135336135,2,0.325535337715721,1,0,0,0,0,0,1540,ms_signin,user1,b425ddaa-ac15-4f3c-9249-94e4b5d52661,app,,,,,0,17762.0,Tata Teleservices (Maharashtra) Ltd,IN,4,2025-12-09 12:06:43.419368,0,,,
3304,0,1,1,-0.5600346055868697,-1.8737756159949661,2,0.32175470219017693,1,0,0,0,0,0,1605,sharepoint,user1,user1,user,Mozilla Generic,,,,7,8075.0,Microsoft Corporation,,2,2025-12-09 12:58:06.185635,0,mozilla,SiteAccessWithCustomScripts,
6567,0,1,1,-0.5574802745587816,-2.145945171672328,2,0.3169326419417372,1,0,0,1,0,0,1692,ms_graph,user3,4c5c5731-bed6-4b3f-ac87-92e1cd10a3e8,app,O365AdminPortal,,,,4,8075.0,Microsoft Corporation,,5,2025-12-09 10:21:14.159409,0,,me,read
15383,0,1,1,-0.5574649992815359,-1.969452585713379,2,0.3167518041429109,1,0,0,0,1,0,1694,ms_signin,user3,74658136-14ec-4630-ad9b-26e160ff0fc6,app,Firefox,145.0,Mac,10.15,11,17762.0,Tata Teleservices (Maharashtra) Ltd,IN,3,2025-12-09 10:21:14.159409,0,mozilla/ macintosh intel mac os x rv gecko/ firefox,,
12672,0,1,1,-0.5553739044586093,-3.221197890329295,2,0.3136822947062566,1,0,0,1,0,0,1753,ms_graph,user3,4c5c5731-bed6-4b3f-ac87-92e1cd10a3e8,app,O365AdminPortal,,,,4,8075.0,Microsoft Corporation,,2,2025-12-09 10:21:14.159409,0,,me/informationprotection/sensitivitypolicysettings,read
1726,0,1,1,-0.5555291601538224,-1.9714618628325506,2,0.31292302476581896,1,0,0,0,0,0,1765,ms_signin_int,user12,user12,user,Firefox,145.0,Mac,10.15,11,147221.0,NIXI,IN,1,2025-12-09 10:21:14.159409,0,mozilla/ macintosh intel mac os x rv gecko/ firefox,,
10850,0,1,1,-0.5547655383949729,-1.969730967122752,2,0.31141054992637035,1,0,0,0,1,0,1788,ms_graph,user3,4c5c5731-bed6-4b3f-ac87-92e1cd10a3e8,app,O365AdminPortal,,,,4,8075.0,Microsoft Corporation,,1,2025-12-09 10:21:14.159409,0,,users/$count,read
4954,0,1,1,-0.5537225658493302,-2.492109109536105,2,0.30979257178822056,1,0,0,1,0,0,1811,ms_graph,user1,0beb71dc-1b28-4e20-8102-a68ba2c937e7,app,Python aiohttp,3.11.18,,,0,8075.0,Microsoft Corporation,,1,2025-12-09 12:42:46.8525,0,python/ aiohttp,me/messages,read
2826,0,1,1,-0.5532963967764679,-2.101562292863145,2,0.30861602207320926,1,0,0,0,1,0,1829,ms_signin, user10,6f7e0f60-9401-4f5b-98e2-cf15bd5fd5e3,app,Edge,18.19045,Windows,10.0,11,7922.0,"Comcast Cable Communications, IP Services",US,3,2025-12-09 21:38:52.047779,1,mozilla/ windows nt applewebkit/ khtml like gecko chrome/ safari/ edge,,
12958,0,1,1,-0.5526039476617577,-2.1093747655688366,2,0.3072525223075783,1,0,0,0,0,1,1851,ms_graph,user2,ca7c7752-d6d5-409a-a0f6-57d6e4669342,app,Chrome,143.0.0,Mac,,11,17488.0,HATHWAY CABLE AND DATACOM LIMITED,,2,2025-12-09 03:58:08.822981,0,mozilla/ macintosh intel mac os x applewebkit/ khtml like gecko chrome/ safari,organization/*,read
20,0,1,1,-0.5518306897398911,-2.01640554640187,2,0.30564312075004824,1,0,0,0,0,0,1867,ms_graph,user2,74658136-14ec-4630-ad9b-26e160ff0fc6,app,Chrome,143.0.0,Mac,,11,17488.0,HATHWAY CABLE AND DATACOM LIMITED,,2,2025-12-09 03:58:08.822981,0,mozilla/ macintosh intel mac os x applewebkit/ khtml like gecko chrome/ safari,applications/$count,read
5358,0,1,1,-0.5519105717731644,-1.8166081869511552,2,0.3056306857084984,1,0,0,0,1,0,1868,ms_graph,user2,5ec6fa7d-8684-401e-ace0-99563934eb3b,app,Kiota .NET Client,1.17.1,,,7,8075.0,Microsoft Limited,,3,2025-12-09 03:58:08.822981,0,kiota-dotnet,security/securescores,read
1792,0,1,1,-0.5517818036247957,-1.9631689422982417,2,0.305500958411865,1,0,0,0,0,0,1869,ms_signin,user2,bb3d68c2-d09e-4455-94a0-e323996dbaa3,app,azsdk-net-Identity,1.13.2,Linux,,7,17488.0,HATHWAY CABLE AND DATACOM LIMITED,IN,1,2025-12-09 03:58:08.822981,0,azsdk-net-identity/ net cbl-mariner/linux,,
10721,0,1,1,-0.5494159198332758,-2.1312356868160647,2,0.30096294601990153,1,0,0,0,0,1,1927,ms_graph, user10,74658136-14ec-4630-ad9b-26e160ff0fc6,app,Safari,17.6,Mac,,11,7922.0,"Comcast Cable Communications, IP Services",,3,2025-12-09 18:56:48.453226,0,mozilla/ macintosh intel mac os x applewebkit/ khtml like gecko version/ safari,applications/$count,read
5370,0,1,1,-0.5478728582486571,-2.5089337331252852,2,0.29823196438422034,1,0,0,0,0,1,1971,ms_graph,user3,74658136-14ec-4630-ad9b-26e160ff0fc6,app,Firefox,145.0,Mac,10.15,11,17762.0,Tata Teleservices (Maharashtra) Ltd,,211,2025-12-09 10:51:07.982925,0,mozilla/ macintosh intel mac os x rv gecko/ firefox,serviceprincipals,read
5233,0,1,1,-0.5478728582486571,-2.5089337331252852,2,0.29823196438422034,1,0,0,0,0,1,1972,ms_graph,user3,74658136-14ec-4630-ad9b-26e160ff0fc6,app,Firefox,145.0,Mac,10.15,11,17762.0,Tata Teleservices (Maharashtra) Ltd,,26,2025-12-09 10:51:07.982925,0,mozilla/ macintosh intel mac os x rv gecko/ firefox,applicationtemplates/*,read
2673,0,1,1,-0.545933345303549,-2.023170622910776,2,0.29397966868615405,1,0,0,0,0,0,2031,ms_graph,user2,5cc1b1db-90c9-492e-a174-8e014af64557,app,Chrome,143.0.0,Mac,,11,147221.0,NIXI,,3,2025-12-09 10:51:07.982925,0,mozilla/ macintosh intel mac os x applewebkit/ khtml like gecko chrome/ safari,me/memberof/*,read
11423,0,1,1,-0.5452240264330946,-1.886877490955478,2,0.29245981393398895,1,0,0,0,0,0,2054,ms_graph,user3,74658136-14ec-4630-ad9b-26e160ff0fc6,app,Firefox,145.0,Mac,10.15,11,17762.0,Tata Teleservices (Maharashtra) Ltd,,1,2025-12-09 10:51:07.982925,0,mozilla/ macintosh intel mac os x rv gecko/ firefox,settings,read
2191,0,1,1,-0.5433723315088601,-1.8926147778591405,2,0.28880071417329656,1,0,0,0,0,0,2146,ms_graph,user1,81d6d3d3-4454-4675-920d-842a636cbe9d,app,Loki Server,1.20251203.4,,,7,8075.0,Microsoft Limited,,1,2025-12-09 10:36:32.521863,0,lokiserver,decoratedprofilesearchresults/batchquery,read
11956,0,1,1,-0.5426693616388356,-2.15901716294946,2,0.2876370677523288,1,0,0,0,0,0,2167,ms_graph,user3,4c5c5731-bed6-4b3f-ac87-92e1cd10a3e8,app,O365AdminPortal,,,,4,8075.0,Microsoft Corporation,,4,2025-12-09 10:36:32.521863,0,,serviceprincipals,read
217,0,1,1,-0.5419475659146767,-2.4849437244760817,2,0.28648696585807254,1,0,0,0,0,1,2188,ms_signin,user2,d2aeb141-54c8-4de4-a20d-fe9028894352,app,,,,,0,147221.0,NIXI,IN,1,2025-12-09 10:36:32.521863,0,,,
6939,0,1,1,-0.54213949797256,-1.8308070113243173,2,0.28630853070874535,1,0,0,0,0,0,2193,ms_graph,user3,74658136-14ec-4630-ad9b-26e160ff0fc6,app,Firefox,145.0,Mac,10.15,11,17762.0,Tata Teleservices (Maharashtra) Ltd,,2,2025-12-09 10:36:32.521863,1,mozilla/ macintosh intel mac os x rv gecko/ firefox,$batch,write
722,0,1,1,-0.538160294073794,-1.8277261003267504,2,0.2784321498147118,1,0,0,0,0,1,2414,ms_graph,user1,0beb71dc-1b28-4e20-8102-a68ba2c937e7,app,Mozilla Generic,,,,7,16509.0,"Amazon.com, Inc.",,1,2025-12-10 22:58:10.769958,0,mozilla,sites,read
12341,0,1,1,-0.5378098897158249,-2.2689438150037526,2,0.278115314633342,1,0,0,0,0,0,2473,ms_graph,user5,4c5c5731-bed6-4b3f-ac87-92e1cd10a3e8,app,O365AdminPortal,,,,4,8075.0,Microsoft Corporation,,1,2025-12-10 13:36:56.031834,0,,users/$count,read
6913,0,1,1,-0.5377175483742423,-2.189101589039181,2,0.2778644620856035,1,0,0,0,0,0,2483,ms_graph,user9,4765445b-32c6-49b0-83e6-1d93765276ca,app,Chrome,143.0.0,Mac,,11,17762.0,Tata Teleservices (Maharashtra) Ltd,,7,2025-12-10 13:36:56.031834,1,mozilla/ macintosh intel mac os x applewebkit/ khtml like gecko chrome/ safari,me/drive,read
10950,0,1,1,-0.5372680225618051,-1.8218191010181555,2,0.27666154871143805,1,0,0,0,0,1,2533,ms_graph,user5,4c5c5731-bed6-4b3f-ac87-92e1cd10a3e8,app,,,,,0,8075.0,Microsoft Corporation,,1,2025-12-10 13:20:31.321964,0,,admin/serviceannouncement/messages,read
1795,0,1,1,-0.536208564935017,-2.4833561405316162,2,0.2751297041608503,1,0,0,0,0,0,2578,ms_signin,user9,fb8d773d-7ef8-4ec0-a117-179f88add510,app,,,,,0,17762.0,Tata Teleservices (Maharashtra) Ltd,IN,4,2025-12-10 13:20:31.321964,0,,,
6451,0,1,1,-0.533890134986768,-2.5280489591122395,2,0.27058030716534825,1,0,0,0,0,0,2752,ms_graph,user11,74658136-14ec-4630-ad9b-26e160ff0fc6,app,Chrome,143.0.0,Mac,,11,147221.0,NIXI,,23,2025-12-10 10:48:06.365576,0,mozilla/ macintosh intel mac os x applewebkit/ khtml like gecko chrome/ safari,$batch,write
1874,0,1,1,-0.5335645291729544,-3.0483131173238815,2,0.2703799967928235,1,0,0,1,0,0,2759,ms_signin_int,user11,user11,user,Chrome,143.0.0,Mac,,11,147221.0,NIXI,IN,1,2025-12-10 10:48:06.365576,1,mozilla/ macintosh intel mac os x applewebkit/ khtml like gecko chrome/ safari,,
15391,0,1,1,-0.5337979770868743,-2.1281338971483805,2,0.27005667932382027,1,0,0,1,0,0,2772,ms_graph,user1,0beb71dc-1b28-4e20-8102-a68ba2c937e7,app,Mozilla Generic,,,,7,16509.0,"Amazon.com, Inc.",,1,2025-12-10 10:48:06.365576,0,mozilla,users/*/drives,read
14490,0,1,1,-0.5317631561611322,-1.8449895882462888,2,0.26578870266743265,1,0,0,0,1,0,2862,ms_signin,user3,ca7c7752-d6d5-409a-a0f6-57d6e4669342,app,Firefox,145.0,Mac,10.15,11,17762.0,Tata Teleservices (Maharashtra) Ltd,IN,3,2025-12-10 05:39:17.624645,0,mozilla/ macintosh intel mac os x rv gecko/ firefox,,
1799,0,1,1,-0.5315072517361805,-2.1282980835589806,2,0.26552410303730284,1,0,0,1,0,0,2869,ms_signin,user11,ca7c7752-d6d5-409a-a0f6-57d6e4669342,app,Chrome,143.0.0,Mac,,11,147221.0,NIXI,IN,1,2025-12-10 04:02:43.649184,1,mozilla/ macintosh intel mac os x applewebkit/ khtml like gecko chrome/ safari,,
14740,0,1,1,-0.5312715031511723,-2.1161583570368125,2,0.2650472617362319,1,0,0,1,0,0,2877,ms_graph,user1,0beb71dc-1b28-4e20-8102-a68ba2c937e7,app,Mozilla Generic,,,,7,16509.0,Amazon Technologies Inc.,,8,2025-12-10 15:36:01.140736,0,mozilla,sites/*/drives,read
1435,0,1,1,-0.5307339886516604,-2.5883302558091095,2,0.26438660211979165,1,0,0,0,0,0,2899,ms_graph,user1,0beb71dc-1b28-4e20-8102-a68ba2c937e7,app,Mozilla Generic,,,,7,16509.0,"Amazon.com, Inc.",,1,2025-12-10 22:02:39.960174,0,mozilla,users/*/drives,read
10928,0,1,1,-0.5308053651304133,-2.400616822579809,2,0.26436764889559844,1,0,0,0,0,0,2900,ms_signin,user11,ca7c7752-d6d5-409a-a0f6-57d6e4669342,app,Chrome,143.0.0,Mac,,11,131442.0,Dna Dhanraj Telecom Private Limited,IN,1,2025-12-10 22:02:39.960174,0,mozilla/ macintosh intel mac os x applewebkit/ khtml like gecko chrome/ safari,,
11022,0,1,1,-0.5307424275137773,-1.9393560455053522,2,0.2638494898146335,1,0,0,0,0,0,2916,ms_graph,user2,74658136-14ec-4630-ad9b-26e160ff0fc6,app,Chrome,143.0.0,Mac,,11,147221.0,NIXI,,1,2025-12-10 14:54:04.887767,0,mozilla/ macintosh intel mac os x applewebkit/ khtml like gecko chrome/ safari,auditlogs/directoryaudits,read
15447,0,1,1,-0.5306390455136426,-2.1393507955565054,2,0.26381559332106236,1,0,0,0,1,0,2917,ms_signin,user2,e9f82942-396e-4006-adfb-9163dcae1561,app,,,,,0,147221.0,NIXI,IN,1,2025-12-10 14:54:04.887767,0,,,
9530,0,1,1,-0.5305421291091008,-2.0515813604606508,2,0.26354892319416756,1,0,0,0,1,0,2923,ms_signin,user2,74658136-14ec-4630-ad9b-26e160ff0fc6,app,Chrome,143.0.0,Mac,,11,147221.0,NIXI,IN,1,2025-12-10 14:54:04.887767,0,mozilla/ macintosh intel mac os x applewebkit/ khtml like gecko chrome/ safari,,
447,0,1,1,-0.5303478082346604,-1.8513046076955466,2,0.26299350680255257,1,0,0,0,0,1,2940,ms_graph,user2,74658136-14ec-4630-ad9b-26e160ff0fc6,app,Chrome,143.0.0,Mac,,11,147221.0,NIXI,,103,2025-12-10 14:37:37.321545,0,mozilla/ macintosh intel mac os x applewebkit/ khtml like gecko chrome/ safari,serviceprincipals,read
12347,0,1,1,-0.5298486187400174,-1.9205408438398968,2,0.26206483151184007,1,0,0,0,0,0,2959,ms_graph,user2,62ab86f5-fe17-43c6-aaa5-cd52060b5260,app,Chrome,143.0.0,Mac,,11,147221.0,NIXI,,1,2025-12-10 14:37:37.321545,0,mozilla/ macintosh intel mac os x applewebkit/ khtml like gecko chrome/ safari,applications/*/extensionproperties,read
7879,0,1,1,-0.5296351594548079,-1.8397471298768677,2,0.26157350785016825,1,0,0,0,1,1,2987,ms_graph,user2,62ab86f5-fe17-43c6-aaa5-cd52060b5260,app,Chrome,143.0.0,Mac,,11,147221.0,NIXI,,10,2025-12-10 14:37:37.321545,0,mozilla/ macintosh intel mac os x applewebkit/ khtml like gecko chrome/ safari,serviceprincipals,read
5882,0,1,1,-0.5287646478845008,-2.5898063808849168,2,0.26049107722619397,1,0,0,0,0,0,3029,ms_graph,user1,0beb71dc-1b28-4e20-8102-a68ba2c937e7,app,Mozilla Generic,,,,7,16509.0,Amazon Technologies Inc.,,1,2025-12-10 14:21:01.31884,0,mozilla,me,read
15401,0,1,1,-0.5282687907605521,-1.954273523454875,2,0.258967572004307,1,0,0,0,1,0,3068,ms_graph,user2,62ab86f5-fe17-43c6-aaa5-cd52060b5260,app,Chrome,143.0.0,Mac,,11,147221.0,NIXI,,2,2025-12-10 14:21:01.31884,0,mozilla/ macintosh intel mac os x applewebkit/ khtml like gecko chrome/ safari,serviceprincipals/*,read
14616,0,1,1,-0.5259719038453488,-1.9673522439984126,2,0.2544338244576305,1,0,0,0,0,0,3206,ms_graph,user1,0beb71dc-1b28-4e20-8102-a68ba2c937e7,app,Mozilla Generic,,,,7,16509.0,"Amazon.com, Inc.",,11,2025-12-10 17:12:22.1578,0,mozilla,drives,read
10920,0,1,1,-0.5244241775977859,-2.161344073979626,2,0.25153684467064397,1,0,0,0,0,0,3264,ms_signin,user2,71d6e42a-13fc-4a6f-a5a5-4c36482a734e,app,,,,,0,17762.0,Tata Teleservices (Maharashtra) Ltd,IN,1,2025-12-11 06:03:31.319625,0,,,
12115,0,1,1,-0.5237775521031269,-1.85838985479392,2,0.24999882050849936,1,0,0,0,0,1,3308,ms_graph,user2,74658136-14ec-4630-ad9b-26e160ff0fc6,app,Chrome,143.0.0,Mac,,11,147221.0,NIXI,,1,2025-12-11 13:19:15.632267,0,mozilla/ macintosh intel mac os x applewebkit/ khtml like gecko chrome/ safari,identityprotection,read
14810,0,1,1,-0.5220723621630614,-2.6945638394217997,2,0.24733827772395478,1,0,0,1,0,0,3361,ms_signin, user10,1b3c667f-cde3-4090-b60b-3d2abd0117f0,app,Edge,18.19045,Windows,10.0,11,7922.0,"Comcast Cable Communications, IP Services",US,1,2025-12-11 20:56:14.968653,1,mozilla/ windows nt applewebkit/ khtml like gecko chrome/ safari/ edge,,
3185,0,1,1,-0.5221909140170261,-1.8583142167742834,2,0.24685923490707745,1,0,0,0,0,0,3377,ms_signin,user2,95dac30a-2d6e-4bb0-a64c-03e1cf798a94,app,Chrome,143.0.0,Mac,,11,17488.0,HATHWAY CABLE AND DATACOM LIMITED,IN,1,2025-12-11 20:34:16.249041,1,mozilla/ macintosh intel mac os x applewebkit/ khtml like gecko chrome/ safari,,
3274,0,1,1,-0.5208560830668901,-1.8551446622943242,2,0.2442152662437967,1,0,0,0,0,0,3444,ms_graph, user10,74658136-14ec-4630-ad9b-26e160ff0fc6,app,Safari,17.6,Mac,,11,7922.0,"Comcast Cable Communications, IP Services",,3,2025-12-11 20:04:55.83186,1,mozilla/ macintosh intel mac os x applewebkit/ khtml like gecko version/ safari,$batch,write
867,0,1,1,-0.5206710291209613,-1.9042340515611746,2,0.24389098636594625,1,0,0,0,0,0,3447,ms_graph,user1,0beb71dc-1b28-4e20-8102-a68ba2c937e7,app,Mozilla Generic,,,,7,16509.0,Amazon Technologies Inc.,,1,2025-12-11 20:04:55.83186,1,mozilla,sites/*/drives,read
3807,0,1,1,-0.5172945499477519,-2.4069158392240073,2,0.2376388312943687,1,0,0,0,0,0,3559,ms_graph, user10,74658136-14ec-4630-ad9b-26e160ff0fc6,app,Safari,17.6,Mac,,11,7922.0,"Comcast Cable Communications, IP Services",,1,2025-12-11 18:41:57.02622,0,mozilla/ macintosh intel mac os x applewebkit/ khtml like gecko version/ safari,rolemanagement/directory/transitiveroleassignments,read
6744,0,1,1,-0.5174462828422102,-1.8574434852749357,2,0.23747016971813872,1,0,0,0,0,0,3563,ms_graph,user1,0beb71dc-1b28-4e20-8102-a68ba2c937e7,app,Mozilla Generic,,,,7,16509.0,"Amazon.com, Inc.",,1,2025-12-11 18:26:35.256068,0,mozilla,me,read
6418,0,1,1,-0.5154223493714541,-1.8859103362977565,2,0.2334896537396094,1,0,0,0,0,0,4468,ms_signin,user1,0beb71dc-1b28-4e20-8102-a68ba2c937e7,app,Python aiohttp,3.11.18,,,0,17762.0,Tata Teleservices (Maharashtra) Ltd,IN,1,2025-12-11 14:53:19.692241,0,python/ aiohttp,,
10987,0,1,1,-0.5147751252236445,-2.0080617528801263,2,0.23231321437344016,1,0,0,0,0,0,4502,ms_graph,user2,0032593d-6a05-4847-8ca4-4b6220ed2a1e,app,Chrome,143.0.0,Mac,,11,147221.0,NIXI,,1,2025-12-11 13:02:25.740269,0,mozilla/ macintosh intel mac os x applewebkit/ khtml like gecko chrome/ safari,applications/$count,read
612,0,1,1,-0.514260617238202,-2.300389153629631,2,0.23154460571305424,1,0,0,0,0,0,4522,ms_signin,user2,74658136-14ec-4630-ad9b-26e160ff0fc6,app,Chrome,143.0.0,Mac,,11,147221.0,NIXI,IN,4,2025-12-11 13:02:25.740269,0,mozilla/ macintosh intel mac os x applewebkit/ khtml like gecko chrome/ safari,,
10112,0,1,1,-0.5134628641076895,-3.7928876708448174,2,0.2312397141650876,1,0,0,1,0,0,4528,ms_graph,user2,74658136-14ec-4630-ad9b-26e160ff0fc6,app,Chrome,143.0.0,Mac,,11,147221.0,NIXI,,1,2025-12-11 13:02:25.740269,0,mozilla/ macintosh intel mac os x applewebkit/ khtml like gecko chrome/ safari,organization,read
10769,0,1,1,-0.5142168771093732,-2.0027902712199546,2,0.23120409617294146,1,0,0,0,0,0,4531,ms_graph,user2,0032593d-6a05-4847-8ca4-4b6220ed2a1e,app,Chrome,143.0.0,Mac,,11,147221.0,NIXI,,1,2025-12-11 13:02:25.740269,0,mozilla/ macintosh intel mac os x applewebkit/ khtml like gecko chrome/ safari,rolemanagement/directory/roleassignments,read
368,0,1,1,-0.5120057689045565,-2.3217281214330066,2,0.22710108996309886,1,0,0,0,0,0,4657,ms_signin,user5,7969c887-ba98-48bb-8832-6c9239929d7c,app,Google Apps Script,UAEmdDd8qd9VQk_s6J_LbXUvXKMnX_YYYnPw,,,7,396982.0,Google LLC,US,1,2025-12-11 06:16:51.537953,1,mozilla/ compatible google-apps-script beanserver https script.google.com id lbxuvxkmnx_yyynpw,,
1312,0,1,1,-0.5108279887038432,-2.787044836909435,2,0.22516767039286573,1,0,0,0,0,0,5062,ms_graph,user1,0beb71dc-1b28-4e20-8102-a68ba2c937e7,app,Mozilla Generic,,,,7,16509.0,"Amazon.com, Inc.",,8,2025-12-12 13:48:09.836225,0,mozilla,sites/*/drives,read
11762,0,1,1,-0.5112369573371316,-1.8376826331694218,2,0.22516675655187274,1,0,0,0,0,0,5063,ms_graph,user1,0beb71dc-1b28-4e20-8102-a68ba2c937e7,app,Mozilla Generic,,,,7,16509.0,"Amazon.com, Inc.",,11,2025-12-12 13:48:09.836225,0,mozilla,drives,read
3317,0,1,1,-0.510609174074343,-2.039363728895375,2,0.2240966530337522,1,0,0,0,0,0,5105,ms_graph,user1,0beb71dc-1b28-4e20-8102-a68ba2c937e7,app,Mozilla Generic,,,,7,16509.0,"Amazon.com, Inc.",,11,2025-12-12 12:02:55.578504,0,mozilla,drives,read
1462,0,1,1,-0.5099809922012056,-3.2242895006457712,2,0.22386482527563695,1,0,0,0,0,0,5109,ms_graph,user1,0beb71dc-1b28-4e20-8102-a68ba2c937e7,app,Mozilla Generic,,,,7,16509.0,Amazon Technologies Inc.,,1,2025-12-12 11:28:49.503894,0,mozilla,me,read
3315,0,1,1,-0.5102638197389971,-2.0393534105266995,2,0.22341328283893047,1,0,0,0,0,0,5127,ms_graph,user1,0beb71dc-1b28-4e20-8102-a68ba2c937e7,app,Mozilla Generic,,,,7,16509.0,Amazon Technologies Inc.,,1,2025-12-12 20:14:35.286821,0,mozilla,sites,read
12260,0,1,1,-0.5100673221083991,-1.8136716707491574,2,0.22283187957197825,1,0,0,0,0,0,5146,sharepoint,user1,user1,user,Mozilla Generic,,,,7,8075.0,Microsoft Corporation,,1,2025-12-12 19:14:34.49623,0,mozilla,SearchQueryPerformed,read
10895,0,1,1,-0.5090587005906708,-1.8028632942465508,2,0.22082687110570737,1,0,0,0,0,0,5202,ms_signin,user1,0beb71dc-1b28-4e20-8102-a68ba2c937e7,app,Python aiohttp,3.11.18,,,0,17762.0,Tata Teleservices (Maharashtra) Ltd,IN,1,2025-12-12 15:46:15.71628,0,python/ aiohttp,,
12420,0,1,1,-0.5087817934157542,-1.7988543234486625,2,0.2202755267431073,1,0,0,0,0,0,5229,ms_graph,user1,0beb71dc-1b28-4e20-8102-a68ba2c937e7,app,Mozilla Generic,,,,7,16509.0,Amazon Technologies Inc.,,1,2025-12-12 14:08:00.628582,0,mozilla,me,read
981,0,1,1,-0.5083297023262543,-1.854729554526409,2,0.2194286444765005,1,0,0,0,0,0,5282,ms_signin,user5,7969c887-ba98-48bb-8832-6c9239929d7c,app,Google Apps Script,UAEmdDd8qd9VQk_s6J_LbXUvXKMnX_YYYnPw,,,7,396982.0,Google LLC,US,2,2025-12-12 04:01:54.969186,1,mozilla/ compatible google-apps-script beanserver https script.google.com id lbxuvxkmnx_yyynpw,,
8679,0,1,1,-0.5040852185461793,-2.073872734708212,2,0.21121698533633126,1,0,0,0,0,0,5516,ms_signin,user9,5f09333a-842c-47da-a157-57da27fcbca5,app,,,,,0,17762.0,Tata Teleservices (Maharashtra) Ltd,IN,1,2025-12-12 07:42:21.134759,0,,,
1223,0,1,1,-0.5038031261182856,-2.3680111685303893,2,0.21090980870747583,1,0,0,0,0,0,5527,ms_signin_int,user9,user9,user,Safari,18.6,Mac,,11,17762.0,Tata Teleservices (Maharashtra) Ltd,IN,5,2025-12-12 07:42:21.134759,2,mozilla/ macintosh intel mac os x applewebkit/ khtml like gecko version/ safari,,
1283,0,1,1,-0.50227522868487,-2.7059132905787644,2,0.20817487239847976,1,0,0,0,0,0,5643,ms_graph,user2,95dac30a-2d6e-4bb0-a64c-03e1cf798a94,app,Chrome,143.0.0,Mac,,11,147221.0,NIXI,,2,2025-12-12 06:40:36.867464,0,mozilla/ macintosh intel mac os x applewebkit/ khtml like gecko chrome/ safari,users/*,read
1202,0,1,1,-0.5019152254862372,-2.6397733065332027,2,0.20740608352462553,1,0,0,0,0,0,5686,ms_graph,user2,74658136-14ec-4630-ad9b-26e160ff0fc6,app,Chrome,143.0.0,Mac,,11,147221.0,NIXI,,1,2025-12-12 06:01:40.625261,0,mozilla/ macintosh intel mac os x applewebkit/ khtml like gecko chrome/ safari,users/$count,read
14217,0,1,1,-0.5017308338139275,-1.9211616856834517,2,0.20642798656571393,1,0,0,0,0,0,5722,ms_signin,user2,ca7c7752-d6d5-409a-a0f6-57d6e4669342,app,Chrome,143.0.0,Mac,,11,147221.0,NIXI,IN,2,2025-12-12 06:01:40.625261,0,mozilla/ macintosh intel mac os x applewebkit/ khtml like gecko chrome/ safari,,
4146,0,1,1,-0.500279950118393,-2.498168326480376,2,0.20404948221349117,1,0,0,0,0,0,10541,sharepoint,user1,user1,user,Mozilla Generic,,,,7,8075.0,Microsoft Corporation,,1,2025-12-13 09:31:32.634857,0,mozilla,SearchQueryPerformed,read
7170,0,1,1,-0.49992013857095335,-3.3276388140342212,2,0.20404535328878132,1,0,0,0,0,0,10542,ms_graph,user1,0beb71dc-1b28-4e20-8102-a68ba2c937e7,app,Mozilla Generic,,,,7,16509.0,"Amazon.com, Inc.",,1,2025-12-13 09:31:32.634857,0,mozilla,users/*/drives,read
3348,0,1,1,-0.5002690352589356,-2.369104715385794,2,0.2039177466102206,1,0,0,0,0,0,10546,ms_graph,user1,0beb71dc-1b28-4e20-8102-a68ba2c937e7,app,Mozilla Generic,,,,7,16509.0,Amazon Technologies Inc.,,1,2025-12-13 11:35:15.311019,0,mozilla,users/*/drives,read
7232,0,1,1,-0.4992500623931702,-3.1661306008810786,2,0.20258163143460162,1,0,0,0,0,0,10609,sharepoint,user1,user1,user,Mozilla Generic,,,,7,8075.0,Microsoft Corporation,,1,2025-12-13 09:43:00.711981,0,mozilla,SearchQueryPerformed,read
8599,0,1,1,-0.49808538202476016,-1.9314436206611896,2,0.19922341279922,1,0,0,0,0,0,10776,ms_signin,user2,330c1d6f-75ad-45b5-a067-8beee48c6f9e,app,,,,,0,17762.0,Tata Teleservices (Maharashtra) Ltd,IN,3,2025-12-13 17:48:54.213743,0,,,
6714,0,1,1,-0.489954546851148,-1.8645320611442089,2,0.1830776230148905,1,0,0,0,0,0,15256,ms_graph,user1,0beb71dc-1b28-4e20-8102-a68ba2c937e7,app,Mozilla Generic,,,,7,16509.0,Amazon Technologies Inc.,,22,2025-12-14 07:34:27.306796,0,mozilla,drives,read
10871,0,1,1,-0.4894734645735877,-1.9000175188628967,2,0.18215597527303362,1,0,0,0,0,0,15298,ms_graph,user1,0beb71dc-1b28-4e20-8102-a68ba2c937e7,app,Mozilla Generic,,,,7,16509.0,Amazon Technologies Inc.,,1,2025-12-14 17:04:34.264694,0,mozilla,users/*/drives,read
6742,0,1,1,-0.4893135025872794,-2.1556615661012333,2,0.18205761156870764,1,0,0,0,0,0,15299,ms_graph,user1,0beb71dc-1b28-4e20-8102-a68ba2c937e7,app,Mozilla Generic,,,,7,16509.0,Amazon Technologies Inc.,,1,2025-12-14 17:04:34.264694,1,mozilla,sites/*/drives,read
14468,0,1,1,-0.4887392873839601,-1.9890201712622677,2,0.1807791917912822,1,0,0,0,0,0,15337,ms_graph,user2,71d6e42a-13fc-4a6f-a5a5-4c36482a734e,app,,,,,0,8075.0,Microsoft Corporation,,1,2025-12-14 05:48:14.981653,0,,users/*/ownedobjects/graph.group,read
10927,0,1,1,-0.4885592325213422,-1.933329790248394,2,0.18037538856079743,1,0,0,0,0,0,15354,ms_graph,user2,62ab86f5-fe17-43c6-aaa5-cd52060b5260,app,Chrome,143.0.0,Mac,,11,17488.0,HATHWAY CABLE AND DATACOM LIMITED,,2,2025-12-14 05:48:14.981653,0,mozilla/ macintosh intel mac os x applewebkit/ khtml like gecko chrome/ safari,serviceprincipals/*/approleassignments,read
1431,0,1,1,-0.48755044173697587,-2.160464681764148,2,0.17857309711285646,1,0,0,0,0,0,15432,ms_graph,user1,0beb71dc-1b28-4e20-8102-a68ba2c937e7,app,Mozilla Generic,,,,7,16509.0,Amazon Technologies Inc.,,1,2025-12-14 12:31:41.529785,0,mozilla,sites,read
2078,0,1,1,-0.48681074276257025,-2.1755944036192214,2,0.17712234711924668,1,0,0,0,0,0,15617,ms_signin,user14,d60c33e1-c026-4f42-a243-213222885d01,app,,,,,0,10788.0,,US,1,2025-12-14 15:49:06.327579,0,,,
1301,0,1,1,-0.48686136489475296,-1.9572647201453672,2,0.17703619997145276,1,0,0,0,0,0,15623,ms_graph,user1,0beb71dc-1b28-4e20-8102-a68ba2c937e7,app,Mozilla Generic,,,,7,16509.0,Amazon Technologies Inc.,,11,2025-12-14 15:39:04.973947,0,mozilla,drives,read
7147,0,1,1,-0.48642489913285664,-2.5932032883398812,2,0.17671524045238612,1,0,0,0,0,0,15663,ms_graph,user1,0beb71dc-1b28-4e20-8102-a68ba2c937e7,app,Mozilla Generic,,,,7,16509.0,"Amazon.com, Inc.",,1,2025-12-14 13:35:55.02225,1,mozilla,sites,read
1645,0,1,1,-0.4855743558069958,-3.1428722021934563,2,0.17550131582695677,1,0,0,0,0,0,15803,ms_graph,user1,0beb71dc-1b28-4e20-8102-a68ba2c937e7,app,Mozilla Generic,,,,7,16509.0,"Amazon.com, Inc.",,8,2025-12-14 06:32:41.313462,0,mozilla,sites/*/drives,read
14479,0,1,1,-0.48564414182040105,-2.069726243687295,2,0.17472362026604804,1,0,0,0,0,0,18740,ms_signin_int,user11,user11,user,Chrome,143.0.0,Mac,,11,7922.0,"Comcast IP Services, L.L.C.",US,1,2025-12-15 06:19:33.847762,0,mozilla/ macintosh intel mac os x applewebkit/ khtml like gecko chrome/ safari,,
9934,0,1,1,-0.48547750636889686,-2.0524285337616885,2,0.1743791332450163,1,0,0,0,0,0,18758,ms_graph,user1,0beb71dc-1b28-4e20-8102-a68ba2c937e7,app,Mozilla Generic,,,,7,16509.0,"Amazon.com, Inc.",,22,2025-12-15 11:47:43.01378,0,mozilla,drives,read
1501,0,1,1,-0.48433090080805735,-3.13918030325386,2,0.17303770932834622,1,0,0,0,0,0,18825,ms_graph,user1,0beb71dc-1b28-4e20-8102-a68ba2c937e7,app,Mozilla Generic,,,,7,16509.0,Amazon Technologies Inc.,,1,2025-12-15 03:59:25.41073,1,mozilla,sites/*/drives,read
11385,0,1,1,-0.4840019433385938,-2.4935914477757612,2,0.1718358712738448,1,0,0,0,0,0,18866,ms_signin,user2,9c797c40-1fdd-40d9-9389-bbc3891a5bf8,app,,,,,0,147221.0,NIXI,IN,4,2025-12-15 10:35:00.841015,0,,,
1485,0,1,1,-0.47936151565561425,-2.424611821392896,2,0.16259487457707583,1,0,0,0,0,0,19718,ms_signin_int,user7,user7,user,Firefox,146.0,Mac,10.15,11,8075.0,Microsoft Corporation,IN,1,2025-12-15 11:36:09.95092,1,mozilla/ macintosh intel mac os x rv gecko/ firefox,,
1246,0,1,1,-0.4794821965333027,-1.7985108744446028,2,0.16229937759088292,1,0,0,0,0,0,19733,ms_graph,user1,0beb71dc-1b28-4e20-8102-a68ba2c937e7,app,Mozilla Generic,,,,7,16509.0,Amazon Technologies Inc.,,1,2025-12-15 11:20:39.644406,0,mozilla,me,read
12025,0,1,1,-0.47729140806081555,-2.4270483859861414,2,0.15850077940727997,1,0,0,0,0,0,20139,ms_signin,user2,9c797c40-1fdd-40d9-9389-bbc3891a5bf8,app,,,,,0,147221.0,NIXI,IN,4,2025-12-15 05:56:04.325781,0,,,
4786,0,1,1,-0.4771054559561336,-2.2031095770410376,2,0.15794173019259655,1,0,0,0,0,0,22401,ms_signin,user2,c0ab8ce9-e9a0-42e7-b064-33d422df41f1,app,Chrome,143.0.0,Mac,,11,147221.0,NIXI,IN,27,2025-12-16 07:12:47.221439,0,mozilla/ macintosh intel mac os x applewebkit/ khtml like gecko chrome/ safari,,
1311,0,1,1,-0.47120070889248167,-2.5534871264649213,2,0.14655685648881844,1,0,0,0,0,0,23153,sharepoint,user2,5e3ce6c0-2b1f-4285-8d4b-75ee78787346,app,Chrome,143.0.0,Mac,,11,17488.0,HATHWAY CABLE AND DATACOM LIMITED,,1,2025-12-16 15:07:50.920248,0,mozilla/ macintosh intel mac os x applewebkit/ khtml like gecko chrome/ safari,ListViewed,read
9930,0,1,1,-0.46648670593281044,-1.7912183130024235,2,0.13657864727281316,1,0,0,0,0,0,29105,ms_graph,user2,4c5c5731-bed6-4b3f-ac87-92e1cd10a3e8,app,O365AdminPortal,,,,4,8075.0,Microsoft Corporation,,3,2025-12-17 12:31:31.962284,0,,domains,read
1480,0,1,1,-0.46432698731089433,-3.7895006823602335,2,0.13401041719669232,1,0,0,0,0,0,29310,ms_graph,user3,5cc1b1db-90c9-492e-a174-8e014af64557,app,Firefox,146.0,Mac,10.15,11,55352.0,Deep Communications,,1,2025-12-17 08:46:45.811156,0,mozilla/ macintosh intel mac os x rv gecko/ firefox,tenantrelationships/findtenantinformationbytenantid(tenantid='*'),read
1375,0,1,1,-0.4633529615900396,-3.896460965822588,2,0.1321743637137197,1,0,0,0,0,0,29462,ms_graph,user2,74658136-14ec-4630-ad9b-26e160ff0fc6,app,Chrome,143.0.0,Mac,,11,17488.0,HATHWAY CABLE AND DATACOM LIMITED,,1,2025-12-17 09:02:21.976774,0,mozilla/ macintosh intel mac os x applewebkit/ khtml like gecko chrome/ safari,groups/*/memberof/$count,read
7327,0,1,1,-0.46342497784641085,-2.0757663202218626,2,0.130763150896744,1,0,0,0,0,0,29564,ms_signin,user1,4354e225-50c9-4423-9ece-2d5afd904870,app,Node Fetch,1.0,,,7,55352.0,Deep Communications,IN,1,2025-12-17 12:56:35.660923,0,node-fetch/ https github.com/bitinn/node-fetch,,
12804,0,1,1,-0.461566294294503,-1.985984889903821,2,0.127008710434242,1,0,0,0,0,0,29840,ms_graph,user1,0beb71dc-1b28-4e20-8102-a68ba2c937e7,app,Mozilla Generic,,,,7,16509.0,Amazon Technologies Inc.,,1,2025-12-17 13:11:44.392196,0,mozilla,sites,read
1234,0,1,1,-0.4607440203591595,-2.9027982728744948,2,0.12616403062792741,1,0,0,0,0,0,29898,ms_signin,user15,d60c33e1-c026-4f42-a243-213222885d01,app,,,,,0,20115.0,,US,1,2025-12-17 20:52:49.844582,0,,,
2849,0,1,1,-0.4577390208312306,-2.383031396062704,2,0.11977441203117656,1,0,0,0,0,0,30545,ms_signin,user1,d2aeb141-54c8-4de4-a20d-fe9028894352,app,,,,,0,55352.0,Deep Communications,IN,1,2025-12-17 15:50:19.929977,0,,,
12514,0,1,1,-0.4555061768071754,-2.2385301226747765,2,0.11523291486266102,1,0,0,0,0,0,32252,ms_graph,user2,4c5c5731-bed6-4b3f-ac87-92e1cd10a3e8,app,O365AdminPortal,,,,4,8075.0,Microsoft Corporation,,3,2025-12-17 12:20:42.410226,0,,serviceprincipals,read
1542,0,1,1,-0.45023391252154926,-3.904995266717061,2,0.1062226511754219,1,0,0,0,0,0,42386,ms_signin, user6,1fec8e78-bce4-4aaf-ab1b-5451cc387264,app,,,,,0,7922.0,"Comcast IP Services, L.L.C.",US,2,2025-12-18 21:58:17.039179,1,mozilla/ compatible msal pkeyauth,,
2567,0,1,1,-0.44132127586861636,-2.1730746866440795,2,0.0871090340800581,1,0,0,0,0,0,52008,ms_graph,user3,74658136-14ec-4630-ad9b-26e160ff0fc6,app,Firefox,146.0,Mac,10.15,11,55352.0,Deep Communications,,2,2025-12-19 10:49:24.018095,1,mozilla/ macintosh intel mac os x rv gecko/ firefox,users/*/photos/*/$value,read
1632,0,1,1,-0.4388182557664857,-2.283895390186743,2,0.08225081494341974,1,0,0,0,0,0,52353,ms_signin,user2,4c5c5731-bed6-4b3f-ac87-92e1cd10a3e8,app,,,,,0,17488.0,HATHWAY CABLE AND DATACOM LIMITED,IN,20,2025-12-19 07:58:48.664171,0,,,
9927,0,1,1,-0.43666806587673895,-2.6594394072876435,2,0.07831665495103846,1,0,0,0,0,0,52656,exchange,user7,a3883eba-fbe9-48bd-9ed3-dca3e0e84250,app,,,,,0,0.0,Microsoft Corporation,,1,2025-12-19 13:55:50.771145,0,,MailItemsAccessed,read
1495,0,1,1,-0.4330917636146263,-2.279067912131394,2,0.07091553997593597,1,0,0,0,0,0,53794,ms_graph,user1,0beb71dc-1b28-4e20-8102-a68ba2c937e7,app,Mozilla Generic,,,,7,16509.0,"Amazon.com, Inc.",,13,2025-12-20 00:00:00.665893,0,mozilla,drives,read
1496,0,1,1,-0.42147607943460663,-2.3351137765438854,2,0.04797911830678819,1,0,0,0,0,0,60011,ms_graph,user2,f9885e6e-6f74-46b3-b595-350157a27541,app,Chrome,143.0.0,Mac,,11,24560.0,Bharti Airtel Limited,,7,2025-12-22 13:12:07.818956,0,mozilla/ macintosh intel mac os x applewebkit/ khtml like gecko chrome/ safari,$batch,write
1457,0,1,1,-0.4211559135456529,-2.366501019717549,2,0.04737238264348892,1,0,0,0,0,0,60050,ms_graph,user1,0beb71dc-1b28-4e20-8102-a68ba2c937e7,app,Mozilla Generic,,,,7,16509.0,Amazon Technologies Inc.,,1,2025-12-22 03:38:24.073616,0,mozilla,sites,read
